<beans xmlns="http://www.springframework.org/schema/beans"
	xmlns:xsi="http://www.w3.org/2001/XMLSchema-instance"
	xsi:schemaLocation="http://www.springframework.org/schema/beans
        https://www.springframework.org/schema/beans/spring-beans.xsd">

	<bean id="movie1" class="com.cognizant.moviecruiser.model.Movie">
		<property name="id" value="101" />
		<property name="title" value="Phir Hera Pheri" />
		<property name="boxOffice" value="Inox" />
		<property name="active" value="true" />
		<property name="dateOfLaunch" value="09/06/2006" />
		<property name="genre" value="comedy-drama" />
		<property name="hasTeaser" value="true" />
		<property name="link"
			value="https://upload.wikimedia.org/wikipedia/en/3/3a/Still-phir-hera-phir.jpg" />
	</bean>

	<bean id="movie2" class="com.cognizant.moviecruiser.model.Movie">
		<property name="id" value="102" />
		<property name="title" value="Inception" />
		<property name="boxOffice" value="Inox" />
		<property name="active" value="true" />
		<property name="dateOfLaunch" value="13/06/2020" />
		<property name="genre" value="comedy-drama" />
		<property name="hasTeaser" value="true" />
		<property name="link"
			value="https://upload.wikimedia.org/wikipedia/en/2/2e/Inception_%282010%29_theatrical_poster.jpg" />
	</bean>

	<bean id="movie3" class="com.cognizant.moviecruiser.model.Movie">
		<property name="id" value="103" />
		<property name="title" value="Tenet" />
		<property name="boxOffice" value="Inox" />
		<property name="active" value="true" />
		<property name="dateOfLaunch" value="31/07/2020" />
		<property name="genre" value="comedy-drama" />
		<property name="hasTeaser" value="true" />
		<property name="link"
			value="https://upload.wikimedia.org/wikipedia/en/1/14/Tenet_movie_poster.jpg" />
	</bean>
	<bean id="movie4" class="com.cognizant.moviecruiser.model.Movie">
		<property name="id" value="104" />
		<property name="title" value="Gulabo Sitabo" />
		<property name="boxOffice" value="Inox" />
		<property name="active" value="true" />
		<property name="dateOfLaunch" value="13/06/2020" />
		<property name="genre" value="comedy-drama" />
		<property name="hasTeaser" value="true" />
		<property name="link"
			value="https://upload.wikimedia.org/wikipedia/en/7/70/Gulabo_Sitabo_poster.jpg" />
	</bean>
	<bean id="movie5" class="com.cognizant.moviecruiser.model.Movie">
		<property name="id" value="105" />
		<property name="title" value="Black Widow" />
		<property name="boxOffice" value="Inox" />
		<property name="active" value="true" />
		<property name="dateOfLaunch" value="13/06/2020" />
		<property name="genre" value="comedy-drama" />
		<property name="hasTeaser" value="true" />
		<property name="link"
			value="https://upload.wikimedia.org/wikipedia/en/7/74/Black_Widow_poster.jpg" />
	</bean>
	<bean id="movie6" class="com.cognizant.moviecruiser.model.Movie">
		<property name="id" value="106" />
		<property name="title" value="John Wick 3" />
		<property name="boxOffice" value="Inox" />
		<property name="active" value="true" />
		<property name="dateOfLaunch" value="01/06/2020" />
		<property name="genre" value="comedy-drama" />
		<property name="hasTeaser" value="true" />
		<property name="link"
			value="https://upload.wikimedia.org/wikipedia/en/9/94/John_Wick_Chapter_3_Parabellum.png" />
	</bean>

	<bean id="adminMovieList" class="java.util.ArrayList">
		<constructor-arg>
			<list>
				<ref bean="movie1" />
				<ref bean="movie2" />
				<ref bean="movie3" />
				<ref bean="movie4" />
				<ref bean="movie5" />
				<ref bean="movie6" />
			</list>
		</constructor-arg>
	</bean>

	<bean id="userMovieList" class="java.util.ArrayList">
		<constructor-arg>
			<list>
				<ref bean="movie1" />
				<ref bean="movie3" />
				<ref bean="movie5" />
				<ref bean="movie6" />
			</list>
		</constructor-arg>
	</bean>

	<bean id="favoriteList1"
		class="com.cognizant.moviecruiser.model.Favorites">
		<constructor-arg value="7001" />
		<constructor-arg>
			<list>
				<ref bean="movie1" />
				<ref bean="movie6" />
			</list>
		</constructor-arg>
	</bean>
	<bean id="favoriteList2"
		class="com.cognizant.moviecruiser.model.Favorites">
		<constructor-arg value="7002" />
		<constructor-arg>
			<list>
				<ref bean="movie3" />
				<ref bean="movie5" />
			</list>
		</constructor-arg>
	</bean>

	<bean id="favoriteList" class="java.util.ArrayList">
		<constructor-arg>
			<list>
				<ref bean="favoriteList1" />
				<ref bean="favoriteList2" />
			</list>
		</constructor-arg>
	</bean>
</beans>